date_operation,libelle,debit,credit,annee,mois,jour,jour_sem,jour_sem_num,weekend,quart_mois,montant,solde_avt_ope,categ,type,tranche_depense
2023-10-06,FORFAIT COMPTE SUPERBANK XX XX XX XX,-1.92,0.0,2023,10,6,<bound method Timestamp.day_name of Timestamp('2023-10-06 00:00:00')>,5,False,1,-1.92,1515.2500000000014,COTISATION BANCAIRE,AUTRE,petite
2023-10-06,CARTE XX XX CHEZ LUC XX,-10.0,0.0,2023,10,6,<bound method Timestamp.day_name of Timestamp('2023-10-06 00:00:00')>,5,False,1,-10.0,1513.3300000000013,RESTAURANT,CARTE,petite
2023-10-06,PRELEVEMENT XX TELEPHONE XX XX,-13.58,0.0,2023,10,6,<bound method Timestamp.day_name of Timestamp('2023-10-06 00:00:00')>,5,False,1,-13.58,1503.3300000000013,FACTURE TELEPHONE,AUTRE,petite
2023-10-05,CARTE XX XX XX XX XX XX,-10.64,0.0,2023,10,5,<bound method Timestamp.day_name of Timestamp('2023-10-05 00:00:00')>,4,False,1,-10.64,1489.7500000000014,AUTRE,CARTE,petite
2023-10-05,CARTE XX XX XX XX,-4.8,0.0,2023,10,5,<bound method Timestamp.day_name of Timestamp('2023-10-05 00:00:00')>,4,False,1,-4.8,1479.1100000000013,AUTRE,CARTE,petite
2023-10-03,CARTE XX XX LA CCNCF XX,-67.68,0.0,2023,10,3,<bound method Timestamp.day_name of Timestamp('2023-10-03 00:00:00')>,2,False,1,-67.68,1474.3100000000013,TRANSPORT,CARTE,petite
2023-10-02,VIREMENT XX XX XX XX XX XX XX XX XX XX XX XX,0.0,676.0,2023,10,2,<bound method Timestamp.day_name of Timestamp('2023-10-02 00:00:00')>,1,False,1,676.0,1406.6300000000012,AUTRE,VIREMENT,(pas une depense)
2023-09-30,XX XX VIREMENT XX XX XX,-36.0,0.0,2023,9,30,<bound method Timestamp.day_name of Timestamp('2023-09-30 00:00:00')>,6,False,4,-36.0,2082.630000000001,AUTRE,VIREMENT,petite
2023-09-29,DON XX XX XX XX XX XX XX,-1.76,0.0,2023,9,29,<bound method Timestamp.day_name of Timestamp('2023-09-29 00:00:00')>,5,False,4,-1.76,2046.6300000000012,AUTRE,DON,petite
2023-09-26,CARTE XX XX TOUPTIPRI XX,-2.93,0.0,2023,9,26,<bound method Timestamp.day_name of Timestamp('2023-09-26 00:00:00')>,2,False,4,-2.93,2044.8700000000013,COURSES,CARTE,petite
2023-09-26,CARTE XX XX TOUPTIPRI XX,-10.36,0.0,2023,9,26,<bound method Timestamp.day_name of Timestamp('2023-09-26 00:00:00')>,2,False,4,-10.36,2041.9400000000014,COURSES,CARTE,petite
2023-09-26,RETRAIT XX XX XX,-320.0,0.0,2023,9,26,<bound method Timestamp.day_name of Timestamp('2023-09-26 00:00:00')>,2,False,4,-320.0,2031.5800000000013,AUTRE,RETRAIT,grosse
2023-09-26,CARTE XX XX XX XX XX,-1.2,0.0,2023,9,26,<bound method Timestamp.day_name of Timestamp('2023-09-26 00:00:00')>,2,False,4,-1.2,1711.5800000000013,AUTRE,CARTE,petite
2023-09-25,PRELEVEMENT XX XX XX XX XX XX XX XX,-593.6,0.0,2023,9,25,<bound method Timestamp.day_name of Timestamp('2023-09-25 00:00:00')>,1,False,4,-593.6,1710.3800000000012,AUTRE,AUTRE,grosse
2023-09-25,CARTE XX XX CHEZ LUC XX,-8.52,0.0,2023,9,25,<bound method Timestamp.day_name of Timestamp('2023-09-25 00:00:00')>,1,False,4,-8.52,1116.7800000000013,RESTAURANT,CARTE,petite
2023-09-25,CARTE XX XX XX XX XX XX,-7.12,0.0,2023,9,25,<bound method Timestamp.day_name of Timestamp('2023-09-25 00:00:00')>,1,False,4,-7.12,1108.2600000000014,AUTRE,CARTE,petite
2023-09-25,CARTE XX XX XX XX XX,-23.33,0.0,2023,9,25,<bound method Timestamp.day_name of Timestamp('2023-09-25 00:00:00')>,1,False,4,-23.33,1101.1400000000012,AUTRE,CARTE,petite
2023-09-25,CARTE XX XX XX XX XX,-9.31,0.0,2023,9,25,<bound method Timestamp.day_name of Timestamp('2023-09-25 00:00:00')>,1,False,4,-9.31,1077.8100000000013,AUTRE,CARTE,petite
2023-09-25,CARTE XX XX XX XX XX XX,-12.0,0.0,2023,9,25,<bound method Timestamp.day_name of Timestamp('2023-09-25 00:00:00')>,1,False,4,-12.0,1068.5000000000014,AUTRE,CARTE,petite
2023-09-25,CARTE XX XX XX XX,-40.0,0.0,2023,9,25,<bound method Timestamp.day_name of Timestamp('2023-09-25 00:00:00')>,1,False,4,-40.0,1056.5000000000014,AUTRE,CARTE,petite
2023-09-22,CARTE XX XX XX XX,-4.0,0.0,2023,9,22,<bound method Timestamp.day_name of Timestamp('2023-09-22 00:00:00')>,5,False,3,-4.0,1016.5000000000014,AUTRE,CARTE,petite
2023-09-22,CARTE XX XX XX XX XX,-5.6,0.0,2023,9,22,<bound method Timestamp.day_name of Timestamp('2023-09-22 00:00:00')>,5,False,3,-5.6,1012.5000000000014,AUTRE,CARTE,petite
2023-09-21,CARTE XX XX XX XX XX,-10.45,0.0,2023,9,21,<bound method Timestamp.day_name of Timestamp('2023-09-21 00:00:00')>,4,False,3,-10.45,1006.9000000000012,AUTRE,CARTE,petite
2023-09-20,CARTE XX XX TOUPTIPRI XX,-2.56,0.0,2023,9,20,<bound method Timestamp.day_name of Timestamp('2023-09-20 00:00:00')>,3,False,3,-2.56,996.4500000000012,COURSES,CARTE,petite
2023-09-20,CARTE XX XX XX XX,-30.37,0.0,2023,9,20,<bound method Timestamp.day_name of Timestamp('2023-09-20 00:00:00')>,3,False,3,-30.37,993.8900000000012,AUTRE,CARTE,petite
2023-09-20,CARTE XX XX XX XX XX,-8.6,0.0,2023,9,20,<bound method Timestamp.day_name of Timestamp('2023-09-20 00:00:00')>,3,False,3,-8.6,963.5200000000013,AUTRE,CARTE,petite
2023-09-20,CARTE XX XX XX XX XX XX,-2.56,0.0,2023,9,20,<bound method Timestamp.day_name of Timestamp('2023-09-20 00:00:00')>,3,False,3,-2.56,954.9200000000014,AUTRE,CARTE,petite
2023-09-18,CARTE XX XX LA LOUVE XX XX,-20.59,0.0,2023,9,18,<bound method Timestamp.day_name of Timestamp('2023-09-18 00:00:00')>,1,False,3,-20.59,952.3600000000015,COURSES,CARTE,petite
2023-09-18,CARTE XX XX XX XX,-1.6,0.0,2023,9,18,<bound method Timestamp.day_name of Timestamp('2023-09-18 00:00:00')>,1,False,3,-1.6,931.7700000000013,AUTRE,CARTE,petite
2023-09-18,CARTE XX XX XX XX XX,-0.96,0.0,2023,9,18,<bound method Timestamp.day_name of Timestamp('2023-09-18 00:00:00')>,1,False,3,-0.96,930.1700000000014,AUTRE,CARTE,petite
2023-09-18,CARTE XX XX XX XX XX,-5.2,0.0,2023,9,18,<bound method Timestamp.day_name of Timestamp('2023-09-18 00:00:00')>,1,False,3,-5.2,929.2100000000014,AUTRE,CARTE,petite
2023-09-15,VIREMENT PERMANENT LOYER,-345.0,0.0,2023,9,15,<bound method Timestamp.day_name of Timestamp('2023-09-15 00:00:00')>,5,False,2,-345.0,924.0100000000011,LOYER,VIREMENT,grosse
2023-09-15,VIREMENT XX XX XX XX XX XX XX XX XX,0.0,39.82,2023,9,15,<bound method Timestamp.day_name of Timestamp('2023-09-15 00:00:00')>,5,False,2,39.82,579.0100000000011,AUTRE,VIREMENT,(pas une depense)
2023-09-14,CARTE XX XX LA CCNCF XX,-47.61,0.0,2023,9,14,<bound method Timestamp.day_name of Timestamp('2023-09-14 00:00:00')>,4,False,2,-47.61,618.8300000000013,TRANSPORT,CARTE,petite
2023-09-12,CARTE XX XX LA CCNCF XX XX,-11.25,0.0,2023,9,12,<bound method Timestamp.day_name of Timestamp('2023-09-12 00:00:00')>,2,False,2,-11.25,571.2200000000012,TRANSPORT,CARTE,petite
2023-09-12,CARTE XX XX XX XX XX,-4.0,0.0,2023,9,12,<bound method Timestamp.day_name of Timestamp('2023-09-12 00:00:00')>,2,False,2,-4.0,559.9700000000012,AUTRE,CARTE,petite
2023-09-12,CARTE XX XX L'EPICERIE DEMBAS XX XX,-19.61,0.0,2023,9,12,<bound method Timestamp.day_name of Timestamp('2023-09-12 00:00:00')>,2,False,2,-19.61,555.9700000000012,AUTRE,CARTE,petite
2023-09-11,CARTE XX XX XX XX XX XX,-1.44,0.0,2023,9,11,<bound method Timestamp.day_name of Timestamp('2023-09-11 00:00:00')>,1,False,2,-1.44,536.3600000000013,AUTRE,CARTE,petite
2023-09-11,CARTE XX XX XX XX,-9.6,0.0,2023,9,11,<bound method Timestamp.day_name of Timestamp('2023-09-11 00:00:00')>,1,False,2,-9.6,534.9200000000012,AUTRE,CARTE,petite
2023-09-11,CARTE XX XX XX XX,-12.0,0.0,2023,9,11,<bound method Timestamp.day_name of Timestamp('2023-09-11 00:00:00')>,1,False,2,-12.0,525.3200000000011,AUTRE,CARTE,petite
2023-09-11,CARTE XX XX XX XX XX XX,-1.44,0.0,2023,9,11,<bound method Timestamp.day_name of Timestamp('2023-09-11 00:00:00')>,1,False,2,-1.44,513.3200000000011,AUTRE,CARTE,petite
2023-09-11,CARTE XX XX TOUPTIPRI XX,-9.6,0.0,2023,9,11,<bound method Timestamp.day_name of Timestamp('2023-09-11 00:00:00')>,1,False,2,-9.6,511.880000000001,COURSES,CARTE,petite
2023-09-08,CARTE XX XX XX XX XX XX,-4.0,0.0,2023,9,8,<bound method Timestamp.day_name of Timestamp('2023-09-08 00:00:00')>,5,False,1,-4.0,502.2800000000011,AUTRE,CARTE,petite
2023-09-08,CARTE XX XX L'EPICERIE DEMBAS XX XX,-5.57,0.0,2023,9,8,<bound method Timestamp.day_name of Timestamp('2023-09-08 00:00:00')>,5,False,1,-5.57,498.2800000000011,AUTRE,CARTE,petite
2023-09-08,CARTE XX XX XX XX XX,-0.8,0.0,2023,9,8,<bound method Timestamp.day_name of Timestamp('2023-09-08 00:00:00')>,5,False,1,-0.8,492.71000000000095,AUTRE,CARTE,petite
2023-09-07,CARTE XX XX XX XX,-11.2,0.0,2023,9,7,<bound method Timestamp.day_name of Timestamp('2023-09-07 00:00:00')>,4,False,1,-11.2,491.9100000000012,AUTRE,CARTE,petite
2023-09-06,FORFAIT COMPTE SUPERBANK XX XX XX XX,-1.92,0.0,2023,9,6,<bound method Timestamp.day_name of Timestamp('2023-09-06 00:00:00')>,3,False,1,-1.92,480.71000000000095,COTISATION BANCAIRE,AUTRE,petite
2023-09-06,CARTE XX XX L'EPICERIE DEMBAS XX XX,-11.12,0.0,2023,9,6,<bound method Timestamp.day_name of Timestamp('2023-09-06 00:00:00')>,3,False,1,-11.12,478.7900000000009,AUTRE,CARTE,petite
2023-09-05,CARTE XX XX XX XX XX,-0.8,0.0,2023,9,5,<bound method Timestamp.day_name of Timestamp('2023-09-05 00:00:00')>,2,False,1,-0.8,467.670000000001,AUTRE,CARTE,petite
2023-09-05,CARTE XX XX XX XX XX,-6.39,0.0,2023,9,5,<bound method Timestamp.day_name of Timestamp('2023-09-05 00:00:00')>,2,False,1,-6.39,466.87000000000126,AUTRE,CARTE,petite
2023-09-05,PRELEVEMENT XX TELEPHONE XX XX,-6.38,0.0,2023,9,5,<bound method Timestamp.day_name of Timestamp('2023-09-05 00:00:00')>,2,False,1,-6.38,460.4800000000009,FACTURE TELEPHONE,AUTRE,petite
2023-09-04,CARTE XX XX TOUPTIPRI XX,-13.59,0.0,2023,9,4,<bound method Timestamp.day_name of Timestamp('2023-09-04 00:00:00')>,1,False,1,-13.59,454.1000000000008,COURSES,CARTE,petite
2023-09-04,VIREMENT XX XX XX XX XX XX XX XX XX XX XX XX,0.0,676.0,2023,9,4,<bound method Timestamp.day_name of Timestamp('2023-09-04 00:00:00')>,1,False,1,676.0,440.5100000000011,AUTRE,VIREMENT,(pas une depense)
2023-09-04,CARTE XX XX RAPT XX,-75.2,0.0,2023,9,4,<bound method Timestamp.day_name of Timestamp('2023-09-04 00:00:00')>,1,False,1,-75.2,1116.5100000000011,TRANSPORT,CARTE,petite
2023-09-04,CARTE XX XX CHEZ LUC XX,-10.4,0.0,2023,9,4,<bound method Timestamp.day_name of Timestamp('2023-09-04 00:00:00')>,1,False,1,-10.4,1041.310000000001,RESTAURANT,CARTE,petite
2023-09-04,CARTE XX XX XX XX,-14.39,0.0,2023,9,4,<bound method Timestamp.day_name of Timestamp('2023-09-04 00:00:00')>,1,False,1,-14.39,1030.910000000001,AUTRE,CARTE,petite
2023-09-04,CARTE XX XX XX XX,-3.6,0.0,2023,9,4,<bound method Timestamp.day_name of Timestamp('2023-09-04 00:00:00')>,1,False,1,-3.6,1016.5200000000011,AUTRE,CARTE,petite
2023-08-31,DON XX XX XX XX XX XX XX,-2.28,0.0,2023,8,31,<bound method Timestamp.day_name of Timestamp('2023-08-31 00:00:00')>,4,False,4,-2.28,1012.920000000001,AUTRE,DON,petite
2023-08-31,CARTE XX XX XX XX XX,-2.44,0.0,2023,8,31,<bound method Timestamp.day_name of Timestamp('2023-08-31 00:00:00')>,4,False,4,-2.44,1010.640000000001,AUTRE,CARTE,petite
2023-08-31,XX XX VIREMENT XX XX XX,-36.0,0.0,2023,8,31,<bound method Timestamp.day_name of Timestamp('2023-08-31 00:00:00')>,4,False,4,-36.0,1008.2000000000012,AUTRE,VIREMENT,petite
2023-08-31,CARTE XX XX LA LOUVE XX XX,-26.19,0.0,2023,8,31,<bound method Timestamp.day_name of Timestamp('2023-08-31 00:00:00')>,4,False,4,-26.19,972.2000000000012,COURSES,CARTE,petite
2023-08-29,CARTE XX XX XX XX,-2.45,0.0,2023,8,29,<bound method Timestamp.day_name of Timestamp('2023-08-29 00:00:00')>,2,False,4,-2.45,946.0100000000011,AUTRE,CARTE,petite
2023-08-28,CARTE XX XX XX XX XX,-12.0,0.0,2023,8,28,<bound method Timestamp.day_name of Timestamp('2023-08-28 00:00:00')>,1,False,4,-12.0,943.5600000000009,AUTRE,CARTE,petite
2023-08-28,CARTE XX XX XX XX XX XX,-43.6,0.0,2023,8,28,<bound method Timestamp.day_name of Timestamp('2023-08-28 00:00:00')>,1,False,4,-43.6,931.5600000000009,AUTRE,CARTE,petite
2023-08-28,RETRAIT XX XX XX,-32.0,0.0,2023,8,28,<bound method Timestamp.day_name of Timestamp('2023-08-28 00:00:00')>,1,False,4,-32.0,887.960000000001,AUTRE,RETRAIT,petite
2023-08-28,CARTE XX XX LA LOUVE XX XX,-29.18,0.0,2023,8,28,<bound method Timestamp.day_name of Timestamp('2023-08-28 00:00:00')>,1,False,4,-29.18,855.960000000001,COURSES,CARTE,petite
2023-08-28,CARTE XX XX XX XX XX,-9.8,0.0,2023,8,28,<bound method Timestamp.day_name of Timestamp('2023-08-28 00:00:00')>,1,False,4,-9.8,826.7800000000011,AUTRE,CARTE,petite
2023-08-25,CARTE XX XX XX XX XX,-6.4,0.0,2023,8,25,<bound method Timestamp.day_name of Timestamp('2023-08-25 00:00:00')>,5,False,4,-6.4,816.9800000000009,AUTRE,CARTE,petite
2023-08-25,CARTE XX XX XX XX,-2.01,0.0,2023,8,25,<bound method Timestamp.day_name of Timestamp('2023-08-25 00:00:00')>,5,False,4,-2.01,810.5800000000011,AUTRE,CARTE,petite
2023-08-25,CARTE XX XX VELOC XX XX,-5.0,0.0,2023,8,25,<bound method Timestamp.day_name of Timestamp('2023-08-25 00:00:00')>,5,False,4,-5.0,808.5700000000011,TRANSPORT,CARTE,petite
2023-08-24,CARTE XX XX L'EPICERIE DEMBAS XX XX,-11.97,0.0,2023,8,24,<bound method Timestamp.day_name of Timestamp('2023-08-24 00:00:00')>,4,False,3,-11.97,803.5700000000011,AUTRE,CARTE,petite
2023-08-22,CARTE XX XX LES ANCIENS ROBINSON XX,-10.91,0.0,2023,8,22,<bound method Timestamp.day_name of Timestamp('2023-08-22 00:00:00')>,2,False,3,-10.91,791.600000000001,COURSES,CARTE,petite
2023-08-22,CARTE XX XX XX XX XX,-0.8,0.0,2023,8,22,<bound method Timestamp.day_name of Timestamp('2023-08-22 00:00:00')>,2,False,3,-0.8,780.690000000001,AUTRE,CARTE,petite
2023-08-22,CARTE XX XX XX XX XX,-3.78,0.0,2023,8,22,<bound method Timestamp.day_name of Timestamp('2023-08-22 00:00:00')>,2,False,3,-3.78,779.8900000000012,AUTRE,CARTE,petite
2023-08-21,CARTE XX XX XX XX XX,-1.68,0.0,2023,8,21,<bound method Timestamp.day_name of Timestamp('2023-08-21 00:00:00')>,1,False,3,-1.68,776.110000000001,AUTRE,CARTE,petite
2023-08-21,CARTE XX XX CHEZ LUC XX,-12.84,0.0,2023,8,21,<bound method Timestamp.day_name of Timestamp('2023-08-21 00:00:00')>,1,False,3,-12.84,774.4300000000012,RESTAURANT,CARTE,petite
2023-08-21,CARTE XX XX XX XX XX,-10.23,0.0,2023,8,21,<bound method Timestamp.day_name of Timestamp('2023-08-21 00:00:00')>,1,False,3,-10.23,761.590000000001,AUTRE,CARTE,petite
2023-08-21,CARTE XX XX XX XX XX,-7.12,0.0,2023,8,21,<bound method Timestamp.day_name of Timestamp('2023-08-21 00:00:00')>,1,False,3,-7.12,751.360000000001,AUTRE,CARTE,petite
2023-08-18,CARTE XX XX XX XX,-4.79,0.0,2023,8,18,<bound method Timestamp.day_name of Timestamp('2023-08-18 00:00:00')>,5,False,3,-4.79,744.2400000000011,AUTRE,CARTE,petite
2023-08-18,CARTE XX XX XX XX XX XX,-2.4,0.0,2023,8,18,<bound method Timestamp.day_name of Timestamp('2023-08-18 00:00:00')>,5,False,3,-2.4,739.4500000000012,AUTRE,CARTE,petite
2023-08-17,CARTE XX XX LES ANCIENS ROBINSON XX,-28.11,0.0,2023,8,17,<bound method Timestamp.day_name of Timestamp('2023-08-17 00:00:00')>,4,False,3,-28.11,737.0500000000011,COURSES,CARTE,petite
2023-08-17,CARTE XX XX XX XX XX XX,-0.8,0.0,2023,8,17,<bound method Timestamp.day_name of Timestamp('2023-08-17 00:00:00')>,4,False,3,-0.8,708.9400000000012,AUTRE,CARTE,petite
2023-08-17,CARTE XX XX XX XX XX XX,-2.0,0.0,2023,8,17,<bound method Timestamp.day_name of Timestamp('2023-08-17 00:00:00')>,4,False,3,-2.0,708.1400000000012,AUTRE,CARTE,petite
2023-08-17,CARTE XX XX XX XX XX XX,-2.0,0.0,2023,8,17,<bound method Timestamp.day_name of Timestamp('2023-08-17 00:00:00')>,4,False,3,-2.0,706.1400000000012,AUTRE,CARTE,petite
2023-08-16,CARTE XX XX XX XX XX,-23.2,0.0,2023,8,16,<bound method Timestamp.day_name of Timestamp('2023-08-16 00:00:00')>,3,False,2,-23.2,704.1400000000012,AUTRE,CARTE,petite
2023-08-16,CARTE XX XX XX XX XX,-3.92,0.0,2023,8,16,<bound method Timestamp.day_name of Timestamp('2023-08-16 00:00:00')>,3,False,2,-3.92,680.9400000000012,AUTRE,CARTE,petite
2023-08-16,CARTE XX XX XX XX XX XX,-53.76,0.0,2023,8,16,<bound method Timestamp.day_name of Timestamp('2023-08-16 00:00:00')>,3,False,2,-53.76,677.0200000000013,AUTRE,CARTE,petite
2023-08-15,VIREMENT PERMANENT LOYER,-345.0,0.0,2023,8,15,<bound method Timestamp.day_name of Timestamp('2023-08-15 00:00:00')>,2,False,2,-345.0,623.2600000000011,LOYER,VIREMENT,grosse
2023-08-14,CARTE XX XX XX XX XX,-17.44,0.0,2023,8,14,<bound method Timestamp.day_name of Timestamp('2023-08-14 00:00:00')>,1,False,2,-17.44,278.2600000000011,AUTRE,CARTE,petite
2023-08-14,CARTE XX XX CHEZ LUC XX,-10.4,0.0,2023,8,14,<bound method Timestamp.day_name of Timestamp('2023-08-14 00:00:00')>,1,False,2,-10.4,260.8200000000011,RESTAURANT,CARTE,petite
2023-08-14,CARTE XX XX XX XX XX XX,-4.0,0.0,2023,8,14,<bound method Timestamp.day_name of Timestamp('2023-08-14 00:00:00')>,1,False,2,-4.0,250.42000000000098,AUTRE,CARTE,petite
2023-08-14,CARTE XX XX XX XX XX XX,-3.2,0.0,2023,8,14,<bound method Timestamp.day_name of Timestamp('2023-08-14 00:00:00')>,1,False,2,-3.2,246.42000000000098,AUTRE,CARTE,petite
2023-08-14,CARTE XX XX XX XX XX XX,-2.4,0.0,2023,8,14,<bound method Timestamp.day_name of Timestamp('2023-08-14 00:00:00')>,1,False,2,-2.4,243.22000000000116,AUTRE,CARTE,petite
2023-08-14,CARTE XX XX XX XX,-11.7,0.0,2023,8,14,<bound method Timestamp.day_name of Timestamp('2023-08-14 00:00:00')>,1,False,2,-11.7,240.82000000000107,AUTRE,CARTE,petite
2023-08-10,CARTE XX XX XX XX XX XX XX XX,-3.28,0.0,2023,8,10,<bound method Timestamp.day_name of Timestamp('2023-08-10 00:00:00')>,4,False,2,-3.28,229.1200000000008,AUTRE,CARTE,petite
2023-08-09,CARTE XX XX XX XX XX,-8.0,0.0,2023,8,9,<bound method Timestamp.day_name of Timestamp('2023-08-09 00:00:00')>,3,False,2,-8.0,225.84000000000106,AUTRE,CARTE,petite
2023-08-08,CARTE XX XX L'EPICERIE DEMBAS XX XX,-7.54,0.0,2023,8,8,<bound method Timestamp.day_name of Timestamp('2023-08-08 00:00:00')>,2,False,1,-7.54,217.84000000000106,AUTRE,CARTE,petite
2023-08-08,CARTE XX XX XX XX XX XX XX XX,-0.96,0.0,2023,8,8,<bound method Timestamp.day_name of Timestamp('2023-08-08 00:00:00')>,2,False,1,-0.96,210.3000000000011,AUTRE,CARTE,petite
2023-08-08,CARTE XX XX XX XX XX XX XX XX,-1.19,0.0,2023,8,8,<bound method Timestamp.day_name of Timestamp('2023-08-08 00:00:00')>,2,False,1,-1.19,209.34000000000106,AUTRE,CARTE,petite
2023-08-08,CARTE XX XX XX XX XX XX XX XX,-0.96,0.0,2023,8,8,<bound method Timestamp.day_name of Timestamp('2023-08-08 00:00:00')>,2,False,1,-0.96,208.150000000001,AUTRE,CARTE,petite
2023-08-07,CARTE XX XX XX XX XX,-1.6,0.0,2023,8,7,<bound method Timestamp.day_name of Timestamp('2023-08-07 00:00:00')>,1,False,1,-1.6,207.19000000000096,AUTRE,CARTE,petite
2023-08-07,PRELEVEMENT XX TELEPHONE XX XX,-7.46,0.0,2023,8,7,<bound method Timestamp.day_name of Timestamp('2023-08-07 00:00:00')>,1,False,1,-7.46,205.59000000000106,FACTURE TELEPHONE,AUTRE,petite
2023-08-07,CARTE XX XX XX XX XX,-1.6,0.0,2023,8,7,<bound method Timestamp.day_name of Timestamp('2023-08-07 00:00:00')>,1,False,1,-1.6,198.13000000000102,AUTRE,CARTE,petite
2023-08-07,CARTE XX XX XX XX XX,-10.88,0.0,2023,8,7,<bound method Timestamp.day_name of Timestamp('2023-08-07 00:00:00')>,1,False,1,-10.88,196.5300000000011,AUTRE,CARTE,petite
2023-08-07,CARTE XX XX LES ANCIENS ROBINSON XX,-21.73,0.0,2023,8,7,<bound method Timestamp.day_name of Timestamp('2023-08-07 00:00:00')>,1,False,1,-21.73,185.650000000001,COURSES,CARTE,petite
2023-08-07,CARTE XX XX XX XX XX XX,-2.0,0.0,2023,8,7,<bound method Timestamp.day_name of Timestamp('2023-08-07 00:00:00')>,1,False,1,-2.0,163.92000000000098,AUTRE,CARTE,petite
2023-08-06,FORFAIT COMPTE SUPERBANK XX XX XX XX,-1.92,0.0,2023,8,6,<bound method Timestamp.day_name of Timestamp('2023-08-06 00:00:00')>,7,False,1,-1.92,161.92000000000098,COTISATION BANCAIRE,AUTRE,petite
2023-08-04,CARTE XX XX XX XX XX,-17.2,0.0,2023,8,4,<bound method Timestamp.day_name of Timestamp('2023-08-04 00:00:00')>,5,False,1,-17.2,160.0000000000009,AUTRE,CARTE,petite
2023-08-03,CARTE XX XX CHEZ LUC XX,-10.2,0.0,2023,8,3,<bound method Timestamp.day_name of Timestamp('2023-08-03 00:00:00')>,4,False,1,-10.2,142.80000000000064,RESTAURANT,CARTE,petite
2023-08-03,VIREMENT XX XX XX XX XX XX XX XX XX XX XX XX,0.0,676.0,2023,8,3,<bound method Timestamp.day_name of Timestamp('2023-08-03 00:00:00')>,4,False,1,676.0,132.60000000000082,AUTRE,VIREMENT,(pas une depense)
2023-08-03,CARTE XX XX XX XX,-14.39,0.0,2023,8,3,<bound method Timestamp.day_name of Timestamp('2023-08-03 00:00:00')>,4,False,1,-14.39,808.6000000000008,AUTRE,CARTE,petite
2023-08-03,CARTE XX XX L'EPICERIE DEMBAS XX XX,-10.51,0.0,2023,8,3,<bound method Timestamp.day_name of Timestamp('2023-08-03 00:00:00')>,4,False,1,-10.51,794.2100000000007,AUTRE,CARTE,petite
2023-08-02,CARTE XX XX RAPT XX,-75.2,0.0,2023,8,2,<bound method Timestamp.day_name of Timestamp('2023-08-02 00:00:00')>,3,False,1,-75.2,783.7000000000007,TRANSPORT,CARTE,petite
2023-08-01,CARTE XX XX L'EPICERIE DEMBAS XX XX,-9.82,0.0,2023,8,1,<bound method Timestamp.day_name of Timestamp('2023-08-01 00:00:00')>,2,False,1,-9.82,708.5000000000007,AUTRE,CARTE,petite
2023-07-31,XX XX VIREMENT XX XX XX,-36.0,0.0,2023,7,31,<bound method Timestamp.day_name of Timestamp('2023-07-31 00:00:00')>,1,False,4,-36.0,698.6800000000007,AUTRE,VIREMENT,petite
2023-07-31,CARTE XX XX XX XX XX XX,-8.0,0.0,2023,7,31,<bound method Timestamp.day_name of Timestamp('2023-07-31 00:00:00')>,1,False,4,-8.0,662.6800000000007,AUTRE,CARTE,petite
2023-07-31,CARTE XX XX XX XX XX XX XX,-32.44,0.0,2023,7,31,<bound method Timestamp.day_name of Timestamp('2023-07-31 00:00:00')>,1,False,4,-32.44,654.6800000000007,AUTRE,CARTE,petite
2023-07-31,CARTE XX XX LES ANCIENS ROBINSON XX,-0.94,0.0,2023,7,31,<bound method Timestamp.day_name of Timestamp('2023-07-31 00:00:00')>,1,False,4,-0.94,622.2400000000007,COURSES,CARTE,petite
2023-07-31,DON XX XX XX XX XX XX XX,-1.44,0.0,2023,7,31,<bound method Timestamp.day_name of Timestamp('2023-07-31 00:00:00')>,1,False,4,-1.44,621.3000000000006,AUTRE,DON,petite
2023-07-31,CARTE XX XX LA LOUVE XX XX,-23.43,0.0,2023,7,31,<bound method Timestamp.day_name of Timestamp('2023-07-31 00:00:00')>,1,False,4,-23.43,619.8600000000006,COURSES,CARTE,petite
2023-07-31,CARTE XX XX XX XX XX,-9.78,0.0,2023,7,31,<bound method Timestamp.day_name of Timestamp('2023-07-31 00:00:00')>,1,False,4,-9.78,596.4300000000005,AUTRE,CARTE,petite
2023-07-31,CARTE XX XX XX XX XX XX,-2.4,0.0,2023,7,31,<bound method Timestamp.day_name of Timestamp('2023-07-31 00:00:00')>,1,False,4,-2.4,586.6500000000005,AUTRE,CARTE,petite
2023-07-31,CARTE XX XX XX XX XX XX,-2.4,0.0,2023,7,31,<bound method Timestamp.day_name of Timestamp('2023-07-31 00:00:00')>,1,False,4,-2.4,584.2500000000005,AUTRE,CARTE,petite
2023-07-31,CARTE XX XX XX XX,-18.4,0.0,2023,7,31,<bound method Timestamp.day_name of Timestamp('2023-07-31 00:00:00')>,1,False,4,-18.4,581.8500000000006,AUTRE,CARTE,petite
2023-07-28,CARTE XX XX L'EPICERIE DEMBAS XX XX,-11.2,0.0,2023,7,28,<bound method Timestamp.day_name of Timestamp('2023-07-28 00:00:00')>,5,False,4,-11.2,563.4500000000007,AUTRE,CARTE,petite
2023-07-27,CARTE XX XX L'EPICERIE DEMBAS XX XX,-8.14,0.0,2023,7,27,<bound method Timestamp.day_name of Timestamp('2023-07-27 00:00:00')>,4,False,4,-8.14,552.2500000000005,AUTRE,CARTE,petite
2023-07-26,CARTE XX XX L'EPICERIE DEMBAS XX XX,-7.54,0.0,2023,7,26,<bound method Timestamp.day_name of Timestamp('2023-07-26 00:00:00')>,3,False,4,-7.54,544.1100000000006,AUTRE,CARTE,petite
2023-07-25,CARTE XX XX LES ANCIENS ROBINSON XX,-60.16,0.0,2023,7,25,<bound method Timestamp.day_name of Timestamp('2023-07-25 00:00:00')>,2,False,4,-60.16,536.5700000000006,COURSES,CARTE,petite
2023-07-25,VIREMENT XX XX XX XX XX XX XX,0.0,1071.6,2023,7,25,<bound method Timestamp.day_name of Timestamp('2023-07-25 00:00:00')>,2,False,4,1071.6,476.41000000000076,AUTRE,VIREMENT,(pas une depense)
2023-07-24,CARTE XX XX XX XX XX,-20.8,0.0,2023,7,24,<bound method Timestamp.day_name of Timestamp('2023-07-24 00:00:00')>,1,False,3,-20.8,1548.0100000000007,AUTRE,CARTE,petite
2023-07-24,CARTE XX XX CHEZ LUC XX,-9.2,0.0,2023,7,24,<bound method Timestamp.day_name of Timestamp('2023-07-24 00:00:00')>,1,False,3,-9.2,1527.2100000000005,RESTAURANT,CARTE,petite
2023-07-24,CARTE XX XX XX XX XX XX,-4.8,0.0,2023,7,24,<bound method Timestamp.day_name of Timestamp('2023-07-24 00:00:00')>,1,False,3,-4.8,1518.0100000000007,AUTRE,CARTE,petite
2023-07-24,CARTE XX XX XX XX XX,-9.6,0.0,2023,7,24,<bound method Timestamp.day_name of Timestamp('2023-07-24 00:00:00')>,1,False,3,-9.6,1513.2100000000005,AUTRE,CARTE,petite
2023-07-24,RETRAIT XX XX XX,-32.0,0.0,2023,7,24,<bound method Timestamp.day_name of Timestamp('2023-07-24 00:00:00')>,1,False,3,-32.0,1503.6100000000006,AUTRE,RETRAIT,petite
2023-07-24,CARTE XX XX XX XX XX,-4.88,0.0,2023,7,24,<bound method Timestamp.day_name of Timestamp('2023-07-24 00:00:00')>,1,False,3,-4.88,1471.6100000000006,AUTRE,CARTE,petite
2023-07-21,CARTE XX XX XX XX,-13.6,0.0,2023,7,21,<bound method Timestamp.day_name of Timestamp('2023-07-21 00:00:00')>,5,False,3,-13.6,1466.7300000000005,AUTRE,CARTE,petite
2023-07-21,CARTE XX XX L'EPICERIE DEMBAS XX XX,-6.49,0.0,2023,7,21,<bound method Timestamp.day_name of Timestamp('2023-07-21 00:00:00')>,5,False,3,-6.49,1453.1300000000006,AUTRE,CARTE,petite
2023-07-21,CARTE XX XX XX XX XX,-4.8,0.0,2023,7,21,<bound method Timestamp.day_name of Timestamp('2023-07-21 00:00:00')>,5,False,3,-4.8,1446.6400000000006,AUTRE,CARTE,petite
2023-07-20,CARTE XX XX LA CCNCF XX XX,-190.8,0.0,2023,7,20,<bound method Timestamp.day_name of Timestamp('2023-07-20 00:00:00')>,4,False,3,-190.8,1441.8400000000006,TRANSPORT,CARTE,moyenne
2023-07-19,CARTE XX XX XX XX XX,-4.88,0.0,2023,7,19,<bound method Timestamp.day_name of Timestamp('2023-07-19 00:00:00')>,3,False,3,-4.88,1251.0400000000004,AUTRE,CARTE,petite
2023-07-19,CARTE XX XX XX XX,-104.0,0.0,2023,7,19,<bound method Timestamp.day_name of Timestamp('2023-07-19 00:00:00')>,3,False,3,-104.0,1246.1600000000005,AUTRE,CARTE,moyenne
2023-07-19,CARTE XX XX XX XX,-12.48,0.0,2023,7,19,<bound method Timestamp.day_name of Timestamp('2023-07-19 00:00:00')>,3,False,3,-12.48,1142.1600000000005,AUTRE,CARTE,petite
2023-07-15,VIREMENT PERMANENT LOYER,-345.0,0.0,2023,7,15,<bound method Timestamp.day_name of Timestamp('2023-07-15 00:00:00')>,6,False,2,-345.0,1129.6800000000005,LOYER,VIREMENT,grosse
2023-07-13,CARTE XX XX TOUPTIPRI XX,-9.88,0.0,2023,7,13,<bound method Timestamp.day_name of Timestamp('2023-07-13 00:00:00')>,4,False,2,-9.88,784.6800000000005,COURSES,CARTE,petite
2023-07-12,CARTE XX XX XX XX,-8.0,0.0,2023,7,12,<bound method Timestamp.day_name of Timestamp('2023-07-12 00:00:00')>,3,False,2,-8.0,774.8000000000006,AUTRE,CARTE,petite
2023-07-11,CARTE XX XX CHEZ LUC XX,-14.4,0.0,2023,7,11,<bound method Timestamp.day_name of Timestamp('2023-07-11 00:00:00')>,2,False,2,-14.4,766.8000000000006,RESTAURANT,CARTE,petite
2023-07-10,CARTE XX XX LA CCNCF XX,-53.1,0.0,2023,7,10,<bound method Timestamp.day_name of Timestamp('2023-07-10 00:00:00')>,1,False,2,-53.1,752.4000000000005,TRANSPORT,CARTE,petite
2023-07-10,CARTE XX XX XX XX LA CCNCF XX,-1.53,0.0,2023,7,10,<bound method Timestamp.day_name of Timestamp('2023-07-10 00:00:00')>,1,False,2,-1.53,699.3000000000006,TRANSPORT,CARTE,petite
2023-07-10,CARTE XX XX XX XX XX,-9.52,0.0,2023,7,10,<bound method Timestamp.day_name of Timestamp('2023-07-10 00:00:00')>,1,False,2,-9.52,697.7700000000004,AUTRE,CARTE,petite
2023-07-10,CARTE XX XX XX XX LA CCNCF XX,-1.08,0.0,2023,7,10,<bound method Timestamp.day_name of Timestamp('2023-07-10 00:00:00')>,1,False,2,-1.08,688.2500000000005,TRANSPORT,CARTE,petite
2023-07-07,CARTE XX XX XX XX XX,-29.2,0.0,2023,7,7,<bound method Timestamp.day_name of Timestamp('2023-07-07 00:00:00')>,5,False,1,-29.2,687.1700000000005,AUTRE,CARTE,petite
2023-07-06,CARTE XX XX XX XX XX,-14.62,0.0,2023,7,6,<bound method Timestamp.day_name of Timestamp('2023-07-06 00:00:00')>,4,False,1,-14.62,657.9700000000005,AUTRE,CARTE,petite
2023-07-06,PRELEVEMENT XX TELEPHONE XX XX,-36.48,0.0,2023,7,6,<bound method Timestamp.day_name of Timestamp('2023-07-06 00:00:00')>,4,False,1,-36.48,643.3500000000004,FACTURE TELEPHONE,AUTRE,petite
2023-07-06,FORFAIT COMPTE SUPERBANK XX XX XX XX,-1.92,0.0,2023,7,6,<bound method Timestamp.day_name of Timestamp('2023-07-06 00:00:00')>,4,False,1,-1.92,606.8700000000003,COTISATION BANCAIRE,AUTRE,petite
2023-07-05,VIREMENT XX XX XX XX XX XX XX XX XX XX XX XX,0.0,676.0,2023,7,5,<bound method Timestamp.day_name of Timestamp('2023-07-05 00:00:00')>,3,False,1,676.0,604.9500000000005,AUTRE,VIREMENT,(pas une depense)
2023-07-03,CARTE XX XX XX XX XX,-19.93,0.0,2023,7,3,<bound method Timestamp.day_name of Timestamp('2023-07-03 00:00:00')>,1,False,1,-19.93,1280.9500000000005,AUTRE,CARTE,petite
2023-07-03,XX XX CARTE XX XX XX,-13.06,0.0,2023,7,3,<bound method Timestamp.day_name of Timestamp('2023-07-03 00:00:00')>,1,False,1,-13.06,1261.0200000000004,AUTRE,CARTE,petite
2023-07-03,CARTE XX XX XX XX,-14.39,0.0,2023,7,3,<bound method Timestamp.day_name of Timestamp('2023-07-03 00:00:00')>,1,False,1,-14.39,1247.9600000000005,AUTRE,CARTE,petite
2023-07-03,CARTE XX XX XX XX,-1.12,0.0,2023,7,3,<bound method Timestamp.day_name of Timestamp('2023-07-03 00:00:00')>,1,False,1,-1.12,1233.5700000000006,AUTRE,CARTE,petite
2023-07-03,CARTE XX XX XX XX,-8.8,0.0,2023,7,3,<bound method Timestamp.day_name of Timestamp('2023-07-03 00:00:00')>,1,False,1,-8.8,1232.4500000000005,AUTRE,CARTE,petite
2023-07-03,CARTE XX XX RAPT XX,-73.0,0.0,2023,7,3,<bound method Timestamp.day_name of Timestamp('2023-07-03 00:00:00')>,1,False,1,-73.0,1223.6500000000005,TRANSPORT,CARTE,petite
2023-07-03,CARTE XX XX XX XX XX,-48.0,0.0,2023,7,3,<bound method Timestamp.day_name of Timestamp('2023-07-03 00:00:00')>,1,False,1,-48.0,1150.6500000000005,AUTRE,CARTE,petite
2023-07-03,RETRAIT XX XX XX,-40.0,0.0,2023,7,3,<bound method Timestamp.day_name of Timestamp('2023-07-03 00:00:00')>,1,False,1,-40.0,1102.6500000000005,AUTRE,RETRAIT,petite
2023-07-03,CARTE XX XX RAPT XX,-73.0,0.0,2023,7,3,<bound method Timestamp.day_name of Timestamp('2023-07-03 00:00:00')>,1,False,1,-73.0,1062.6500000000005,TRANSPORT,CARTE,petite
2023-07-03,CARTE XX XX XX XX XX XX XX XX,-602.27,0.0,2023,7,3,<bound method Timestamp.day_name of Timestamp('2023-07-03 00:00:00')>,1,False,1,-602.27,989.6500000000005,AUTRE,CARTE,grosse
2023-06-30,CARTE XX XX LA CCNCF XX XX,-23.85,0.0,2023,6,30,<bound method Timestamp.day_name of Timestamp('2023-06-30 00:00:00')>,5,False,4,-23.85,387.38000000000056,TRANSPORT,CARTE,petite
2023-06-30,DON XX XX XX XX XX XX XX,-1.76,0.0,2023,6,30,<bound method Timestamp.day_name of Timestamp('2023-06-30 00:00:00')>,5,False,4,-1.76,363.53000000000065,AUTRE,DON,petite
2023-06-30,XX XX VIREMENT XX XX XX,-36.0,0.0,2023,6,30,<bound method Timestamp.day_name of Timestamp('2023-06-30 00:00:00')>,5,False,4,-36.0,361.77000000000044,AUTRE,VIREMENT,petite
2023-06-28,CARTE XX XX LES ANCIENS ROBINSON XX,-12.49,0.0,2023,6,28,<bound method Timestamp.day_name of Timestamp('2023-06-28 00:00:00')>,3,False,4,-12.49,325.77000000000044,COURSES,CARTE,petite
2023-06-28,CARTE XX XX XX XX XX,-7.12,0.0,2023,6,28,<bound method Timestamp.day_name of Timestamp('2023-06-28 00:00:00')>,3,False,4,-7.12,313.28000000000065,AUTRE,CARTE,petite
2023-06-27,RETRAIT XX XX XX,-40.0,0.0,2023,6,27,<bound method Timestamp.day_name of Timestamp('2023-06-27 00:00:00')>,2,False,4,-40.0,306.16000000000076,AUTRE,RETRAIT,petite
2023-06-27,CARTE XX XX L'EPICERIE DEMBAS XX XX,-11.44,0.0,2023,6,27,<bound method Timestamp.day_name of Timestamp('2023-06-27 00:00:00')>,2,False,4,-11.44,266.16000000000076,AUTRE,CARTE,petite
2023-06-27,CARTE XX XX L'EPICERIE DEMBAS XX XX,-10.95,0.0,2023,6,27,<bound method Timestamp.day_name of Timestamp('2023-06-27 00:00:00')>,2,False,4,-10.95,254.7200000000007,AUTRE,CARTE,petite
2023-06-26,CARTE XX XX XX XX XX XX,-8.0,0.0,2023,6,26,<bound method Timestamp.day_name of Timestamp('2023-06-26 00:00:00')>,1,False,4,-8.0,243.77000000000044,AUTRE,CARTE,petite
2023-06-26,CARTE XX XX TOUPTIPRI XX,-6.6,0.0,2023,6,26,<bound method Timestamp.day_name of Timestamp('2023-06-26 00:00:00')>,1,False,4,-6.6,235.77000000000044,COURSES,CARTE,petite
2023-06-26,CARTE XX XX LA LOUVE XX XX,-27.68,0.0,2023,6,26,<bound method Timestamp.day_name of Timestamp('2023-06-26 00:00:00')>,1,False,4,-27.68,229.17000000000053,COURSES,CARTE,petite
2023-06-26,CARTE XX XX XX XX XX,-17.2,0.0,2023,6,26,<bound method Timestamp.day_name of Timestamp('2023-06-26 00:00:00')>,1,False,4,-17.2,201.4900000000007,AUTRE,CARTE,petite
2023-06-26,CARTE XX XX XX XX XX,-29.52,0.0,2023,6,26,<bound method Timestamp.day_name of Timestamp('2023-06-26 00:00:00')>,1,False,4,-29.52,184.29000000000042,AUTRE,CARTE,petite
2023-06-26,CARTE XX XX XX XX,-96.0,0.0,2023,6,26,<bound method Timestamp.day_name of Timestamp('2023-06-26 00:00:00')>,1,False,4,-96.0,154.77000000000044,AUTRE,CARTE,moyenne
2023-06-26,CARTE XX XX XX XX XX XX,-24.48,0.0,2023,6,26,<bound method Timestamp.day_name of Timestamp('2023-06-26 00:00:00')>,1,False,4,-24.48,58.77000000000044,AUTRE,CARTE,petite
2023-06-26,CARTE XX XX XX XX,-183.99,0.0,2023,6,26,<bound method Timestamp.day_name of Timestamp('2023-06-26 00:00:00')>,1,False,4,-183.99,34.29000000000042,AUTRE,CARTE,moyenne
2023-06-23,CARTE XX XX XX XX XX,-19.84,0.0,2023,6,23,<bound method Timestamp.day_name of Timestamp('2023-06-23 00:00:00')>,5,False,3,-19.84,-149.69999999999936,AUTRE,CARTE,petite
2023-06-23,CARTE XX XX XX XX XX XX,-19.36,0.0,2023,6,23,<bound method Timestamp.day_name of Timestamp('2023-06-23 00:00:00')>,5,False,3,-19.36,-169.5399999999995,AUTRE,CARTE,petite
2023-06-23,CARTE XX XX XX XX XX,-10.4,0.0,2023,6,23,<bound method Timestamp.day_name of Timestamp('2023-06-23 00:00:00')>,5,False,3,-10.4,-188.89999999999918,AUTRE,CARTE,petite
2023-06-22,CARTE XX XX XX XX XX,-8.8,0.0,2023,6,22,<bound method Timestamp.day_name of Timestamp('2023-06-22 00:00:00')>,4,False,3,-8.8,-199.29999999999927,AUTRE,CARTE,petite
2023-06-22,CARTE XX XX XX XX XX,-7.12,0.0,2023,6,22,<bound method Timestamp.day_name of Timestamp('2023-06-22 00:00:00')>,4,False,3,-7.12,-208.09999999999945,AUTRE,CARTE,petite
2023-06-21,CARTE XX XX XX XX,-2.72,0.0,2023,6,21,<bound method Timestamp.day_name of Timestamp('2023-06-21 00:00:00')>,3,False,3,-2.72,-215.21999999999935,AUTRE,CARTE,petite
2023-06-20,CARTE XX XX VELOC XX XX,-29.0,0.0,2023,6,20,<bound method Timestamp.day_name of Timestamp('2023-06-20 00:00:00')>,2,False,3,-29.0,-217.93999999999915,TRANSPORT,CARTE,petite
2023-06-20,CARTE XX XX L'EPICERIE DEMBAS XX XX,-10.05,0.0,2023,6,20,<bound method Timestamp.day_name of Timestamp('2023-06-20 00:00:00')>,2,False,3,-10.05,-246.93999999999915,AUTRE,CARTE,petite
2023-06-19,CARTE XX XX XX XX XX XX,-2.4,0.0,2023,6,19,<bound method Timestamp.day_name of Timestamp('2023-06-19 00:00:00')>,1,False,3,-2.4,-256.9899999999993,AUTRE,CARTE,petite
2023-06-19,CARTE XX XX XX XX XX,-10.2,0.0,2023,6,19,<bound method Timestamp.day_name of Timestamp('2023-06-19 00:00:00')>,1,False,3,-10.2,-259.3899999999994,AUTRE,CARTE,petite
2023-06-19,CARTE XX XX XX XX,-18.24,0.0,2023,6,19,<bound method Timestamp.day_name of Timestamp('2023-06-19 00:00:00')>,1,False,3,-18.24,-269.58999999999924,AUTRE,CARTE,petite
2023-06-19,CARTE XX XX LA LOUVE XX XX,-18.45,0.0,2023,6,19,<bound method Timestamp.day_name of Timestamp('2023-06-19 00:00:00')>,1,False,3,-18.45,-287.8299999999995,COURSES,CARTE,petite
2023-06-19,CARTE XX XX LES ANCIENS ROBINSON XX,-9.31,0.0,2023,6,19,<bound method Timestamp.day_name of Timestamp('2023-06-19 00:00:00')>,1,False,3,-9.31,-306.2799999999993,COURSES,CARTE,petite
2023-06-16,CARTE XX XX XX XX XX,-8.0,0.0,2023,6,16,<bound method Timestamp.day_name of Timestamp('2023-06-16 00:00:00')>,5,False,2,-8.0,-315.58999999999924,AUTRE,CARTE,petite
2023-06-16,CARTE XX XX LES ANCIENS ROBINSON XX,-4.39,0.0,2023,6,16,<bound method Timestamp.day_name of Timestamp('2023-06-16 00:00:00')>,5,False,2,-4.39,-323.58999999999924,COURSES,CARTE,petite
2023-06-15,CARTE XX XX XX XX XX,-19.2,0.0,2023,6,15,<bound method Timestamp.day_name of Timestamp('2023-06-15 00:00:00')>,4,False,2,-19.2,-327.97999999999956,AUTRE,CARTE,petite
2023-06-15,CARTE XX XX XX XX XX XX XX,-15.99,0.0,2023,6,15,<bound method Timestamp.day_name of Timestamp('2023-06-15 00:00:00')>,4,False,2,-15.99,-347.1799999999994,AUTRE,CARTE,petite
2023-06-15,VIREMENT PERMANENT LOYER,-345.0,0.0,2023,6,15,<bound method Timestamp.day_name of Timestamp('2023-06-15 00:00:00')>,4,False,2,-345.0,-363.1699999999996,LOYER,VIREMENT,grosse
2023-06-13,CARTE XX XX XX XX XX XX,-7.99,0.0,2023,6,13,<bound method Timestamp.day_name of Timestamp('2023-06-13 00:00:00')>,2,False,2,-7.99,-708.1699999999996,AUTRE,CARTE,petite
2023-06-12,CARTE XX XX TOUPTIPRI XX,-2.51,0.0,2023,6,12,<bound method Timestamp.day_name of Timestamp('2023-06-12 00:00:00')>,1,False,2,-2.51,-716.1599999999994,COURSES,CARTE,petite
2023-06-12,CARTE XX XX LES ANCIENS ROBINSON XX,-4.63,0.0,2023,6,12,<bound method Timestamp.day_name of Timestamp('2023-06-12 00:00:00')>,1,False,2,-4.63,-718.6699999999996,COURSES,CARTE,petite
2023-06-12,CARTE XX XX TOUPTIPRI XX,-5.88,0.0,2023,6,12,<bound method Timestamp.day_name of Timestamp('2023-06-12 00:00:00')>,1,False,2,-5.88,-723.2999999999997,COURSES,CARTE,petite
2023-06-12,CARTE XX XX XX XX XX XX,-2.32,0.0,2023,6,12,<bound method Timestamp.day_name of Timestamp('2023-06-12 00:00:00')>,1,False,2,-2.32,-729.1799999999998,AUTRE,CARTE,petite
2023-06-12,CARTE XX XX LES ANCIENS ROBINSON XX,-26.58,0.0,2023,6,12,<bound method Timestamp.day_name of Timestamp('2023-06-12 00:00:00')>,1,False,2,-26.58,-731.5,COURSES,CARTE,petite
2023-06-12,CARTE XX XX CHEZ LUC XX,-9.2,0.0,2023,6,12,<bound method Timestamp.day_name of Timestamp('2023-06-12 00:00:00')>,1,False,2,-9.2,-758.0799999999999,RESTAURANT,CARTE,petite
2023-06-07,PRELEVEMENT XX TELEPHONE XX XX,-6.38,0.0,2023,6,7,<bound method Timestamp.day_name of Timestamp('2023-06-07 00:00:00')>,3,False,1,-6.38,-767.2799999999997,FACTURE TELEPHONE,AUTRE,petite
2023-06-06,CARTE XX XX XX XX,-5.1,0.0,2023,6,6,<bound method Timestamp.day_name of Timestamp('2023-06-06 00:00:00')>,2,False,1,-5.1,-773.6599999999999,AUTRE,CARTE,petite
2023-06-06,FORFAIT COMPTE SUPERBANK XX XX XX XX,-1.84,0.0,2023,6,6,<bound method Timestamp.day_name of Timestamp('2023-06-06 00:00:00')>,2,False,1,-1.84,-778.7599999999998,COTISATION BANCAIRE,AUTRE,petite
2023-06-06,CARTE XX XX XX XX,-14.39,0.0,2023,6,6,<bound method Timestamp.day_name of Timestamp('2023-06-06 00:00:00')>,2,False,1,-14.39,-780.5999999999999,AUTRE,CARTE,petite
2023-06-06,CARTE XX XX XX XX XX XX,-10.4,0.0,2023,6,6,<bound method Timestamp.day_name of Timestamp('2023-06-06 00:00:00')>,2,False,1,-10.4,-794.9899999999998,AUTRE,CARTE,petite
2023-06-06,VIREMENT XX XX XX XX XX XX XX XX XX XX XX XX,0.0,676.0,2023,6,6,<bound method Timestamp.day_name of Timestamp('2023-06-06 00:00:00')>,2,False,1,676.0,-805.3899999999999,AUTRE,VIREMENT,(pas une depense)
2023-06-06,CARTE XX XX XX XX XX,-20.4,0.0,2023,6,6,<bound method Timestamp.day_name of Timestamp('2023-06-06 00:00:00')>,2,False,1,-20.4,-129.38999999999987,AUTRE,CARTE,petite
2023-06-02,CARTE XX XX RAPT XX,-73.0,0.0,2023,6,2,<bound method Timestamp.day_name of Timestamp('2023-06-02 00:00:00')>,5,False,1,-73.0,-149.78999999999996,TRANSPORT,CARTE,petite
2023-05-31,CARTE XX XX CHEZ LUC XX,-7.74,0.0,2023,5,31,<bound method Timestamp.day_name of Timestamp('2023-05-31 00:00:00')>,3,False,4,-7.74,-222.78999999999996,RESTAURANT,CARTE,petite
2023-05-31,CARTE XX XX LES ANCIENS ROBINSON XX,-6.89,0.0,2023,5,31,<bound method Timestamp.day_name of Timestamp('2023-05-31 00:00:00')>,3,False,4,-6.89,-230.5300000000002,COURSES,CARTE,petite
2023-05-31,DON XX XX XX XX XX XX XX,-1.44,0.0,2023,5,31,<bound method Timestamp.day_name of Timestamp('2023-05-31 00:00:00')>,3,False,4,-1.44,-237.42000000000007,AUTRE,DON,petite
2023-05-31,XX XX VIREMENT XX XX XX,-36.0,0.0,2023,5,31,<bound method Timestamp.day_name of Timestamp('2023-05-31 00:00:00')>,3,False,4,-36.0,-238.86000000000013,AUTRE,VIREMENT,petite
2023-05-29,RETRAIT XX XX XX,-48.0,0.0,2023,5,29,<bound method Timestamp.day_name of Timestamp('2023-05-29 00:00:00')>,1,False,4,-48.0,-274.8600000000001,AUTRE,RETRAIT,petite
2023-05-29,CARTE XX XX XX XX XX,-14.16,0.0,2023,5,29,<bound method Timestamp.day_name of Timestamp('2023-05-29 00:00:00')>,1,False,4,-14.16,-322.8600000000001,AUTRE,CARTE,petite
2023-05-29,CARTE XX XX LES ANCIENS ROBINSON XX,-22.59,0.0,2023,5,29,<bound method Timestamp.day_name of Timestamp('2023-05-29 00:00:00')>,1,False,4,-22.59,-337.02000000000044,COURSES,CARTE,petite
2023-05-24,CARTE XX XX XX XX XX,-7.84,0.0,2023,5,24,<bound method Timestamp.day_name of Timestamp('2023-05-24 00:00:00')>,3,False,3,-7.84,-359.6100000000001,AUTRE,CARTE,petite
2023-05-24,CARTE XX XX L'EPICERIE DEMBAS XX XX,-15.81,0.0,2023,5,24,<bound method Timestamp.day_name of Timestamp('2023-05-24 00:00:00')>,3,False,3,-15.81,-367.4500000000003,AUTRE,CARTE,petite
2023-05-23,CARTE XX XX XX XX,-3.2,0.0,2023,5,23,<bound method Timestamp.day_name of Timestamp('2023-05-23 00:00:00')>,2,False,3,-3.2,-383.2600000000002,AUTRE,CARTE,petite
2023-05-23,CARTE XX XX LES ANCIENS ROBINSON XX,-4.41,0.0,2023,5,23,<bound method Timestamp.day_name of Timestamp('2023-05-23 00:00:00')>,2,False,3,-4.41,-386.46000000000004,COURSES,CARTE,petite
2023-05-22,CARTE XX XX CHEZ LUC XX,-11.4,0.0,2023,5,22,<bound method Timestamp.day_name of Timestamp('2023-05-22 00:00:00')>,1,False,3,-11.4,-390.87000000000035,RESTAURANT,CARTE,petite
2023-05-22,RETRAIT XX XX XX,-32.0,0.0,2023,5,22,<bound method Timestamp.day_name of Timestamp('2023-05-22 00:00:00')>,1,False,3,-32.0,-402.27000000000044,AUTRE,RETRAIT,petite
2023-05-22,CARTE XX XX XX XX XX XX,-2.4,0.0,2023,5,22,<bound method Timestamp.day_name of Timestamp('2023-05-22 00:00:00')>,1,False,3,-2.4,-434.27000000000044,AUTRE,CARTE,petite
2023-05-22,CARTE XX XX XX XX XX XX,-9.72,0.0,2023,5,22,<bound method Timestamp.day_name of Timestamp('2023-05-22 00:00:00')>,1,False,3,-9.72,-436.6700000000005,AUTRE,CARTE,petite
2023-05-22,VIREMENT XX XX XX XX XX XX XX,0.0,936.32,2023,5,22,<bound method Timestamp.day_name of Timestamp('2023-05-22 00:00:00')>,1,False,3,936.32,-446.3900000000003,AUTRE,VIREMENT,(pas une depense)
2023-05-22,CARTE XX XX LA CCNCF XX XX,-138.24,0.0,2023,5,22,<bound method Timestamp.day_name of Timestamp('2023-05-22 00:00:00')>,1,False,3,-138.24,489.92999999999984,TRANSPORT,CARTE,moyenne
2023-05-19,CARTE XX XX XX XX,-12.0,0.0,2023,5,19,<bound method Timestamp.day_name of Timestamp('2023-05-19 00:00:00')>,5,False,3,-12.0,351.6899999999996,AUTRE,CARTE,petite
2023-05-18,CARTE XX XX XX XX XX,-1.6,0.0,2023,5,18,<bound method Timestamp.day_name of Timestamp('2023-05-18 00:00:00')>,4,False,3,-1.6,339.6899999999996,AUTRE,CARTE,petite
2023-05-15,VIREMENT PERMANENT LOYER,-345.0,0.0,2023,5,15,<bound method Timestamp.day_name of Timestamp('2023-05-15 00:00:00')>,1,False,2,-345.0,338.0899999999997,LOYER,VIREMENT,grosse
2023-05-15,CARTE XX XX LES ANCIENS ROBINSON XX,-33.55,0.0,2023,5,15,<bound method Timestamp.day_name of Timestamp('2023-05-15 00:00:00')>,1,False,2,-33.55,-6.910000000000309,COURSES,CARTE,petite
2023-05-15,CARTE XX XX CHEZ LUC XX,-11.0,0.0,2023,5,15,<bound method Timestamp.day_name of Timestamp('2023-05-15 00:00:00')>,1,False,2,-11.0,-40.460000000000036,RESTAURANT,CARTE,petite
2023-05-15,CARTE XX XX TOUPTIPRI XX,-12.96,0.0,2023,5,15,<bound method Timestamp.day_name of Timestamp('2023-05-15 00:00:00')>,1,False,2,-12.96,-51.460000000000036,COURSES,CARTE,petite
2023-05-15,CARTE XX XX XX XX XX XX,-8.0,0.0,2023,5,15,<bound method Timestamp.day_name of Timestamp('2023-05-15 00:00:00')>,1,False,2,-8.0,-64.42000000000007,AUTRE,CARTE,petite
2023-05-12,CARTE XX XX XX XX,-5.6,0.0,2023,5,12,<bound method Timestamp.day_name of Timestamp('2023-05-12 00:00:00')>,5,False,2,-5.6,-72.42000000000007,AUTRE,CARTE,petite
2023-05-11,CARTE XX XX XX XX XX,-1.6,0.0,2023,5,11,<bound method Timestamp.day_name of Timestamp('2023-05-11 00:00:00')>,4,False,2,-1.6,-78.01999999999998,AUTRE,CARTE,petite
2023-05-10,CARTE XX XX CHEZ LUC XX,-9.6,0.0,2023,5,10,<bound method Timestamp.day_name of Timestamp('2023-05-10 00:00:00')>,3,False,2,-9.6,-79.61999999999989,RESTAURANT,CARTE,petite
2023-05-10,CARTE XX XX LES ANCIENS ROBINSON XX,-42.45,0.0,2023,5,10,<bound method Timestamp.day_name of Timestamp('2023-05-10 00:00:00')>,3,False,2,-42.45,-89.2199999999998,COURSES,CARTE,petite
2023-05-09,PRELEVEMENT XX TELEPHONE XX XX,-7.02,0.0,2023,5,9,<bound method Timestamp.day_name of Timestamp('2023-05-09 00:00:00')>,2,False,2,-7.02,-131.67000000000007,FACTURE TELEPHONE,AUTRE,petite
2023-05-09,CARTE XX XX XX XX,-1.6,0.0,2023,5,9,<bound method Timestamp.day_name of Timestamp('2023-05-09 00:00:00')>,2,False,2,-1.6,-138.69000000000005,AUTRE,CARTE,petite
2023-05-09,CARTE XX XX XX XX,-1.12,0.0,2023,5,9,<bound method Timestamp.day_name of Timestamp('2023-05-09 00:00:00')>,2,False,2,-1.12,-140.28999999999996,AUTRE,CARTE,petite
2023-05-09,CARTE XX XX XX XX,-1.44,0.0,2023,5,9,<bound method Timestamp.day_name of Timestamp('2023-05-09 00:00:00')>,2,False,2,-1.44,-141.40999999999985,AUTRE,CARTE,petite
2023-05-09,CARTE XX XX XX XX XX,-32.0,0.0,2023,5,9,<bound method Timestamp.day_name of Timestamp('2023-05-09 00:00:00')>,2,False,2,-32.0,-142.8499999999999,AUTRE,CARTE,petite
2023-05-06,FORFAIT COMPTE SUPERBANK XX XX XX XX,-1.84,0.0,2023,5,6,<bound method Timestamp.day_name of Timestamp('2023-05-06 00:00:00')>,6,False,1,-1.84,-174.8499999999999,COTISATION BANCAIRE,AUTRE,petite
2023-05-05,CARTE XX XX TOUPTIPRI XX,-3.48,0.0,2023,5,5,<bound method Timestamp.day_name of Timestamp('2023-05-05 00:00:00')>,5,False,1,-3.48,-176.6899999999996,COURSES,CARTE,petite
2023-05-04,CARTE XX XX LES ANCIENS ROBINSON XX,-17.16,0.0,2023,5,4,<bound method Timestamp.day_name of Timestamp('2023-05-04 00:00:00')>,4,False,1,-17.16,-180.16999999999962,COURSES,CARTE,petite
2023-05-04,VIREMENT XX XX XX XX XX XX XX XX XX XX XX XX,0.0,676.0,2023,5,4,<bound method Timestamp.day_name of Timestamp('2023-05-04 00:00:00')>,4,False,1,676.0,-197.32999999999993,AUTRE,VIREMENT,(pas une depense)
2023-05-03,CARTE XX XX RAPT XX,-73.0,0.0,2023,5,3,<bound method Timestamp.day_name of Timestamp('2023-05-03 00:00:00')>,3,False,1,-73.0,478.6700000000001,TRANSPORT,CARTE,petite
2023-05-03,CARTE XX XX XX XX,-14.39,0.0,2023,5,3,<bound method Timestamp.day_name of Timestamp('2023-05-03 00:00:00')>,3,False,1,-14.39,405.6700000000001,AUTRE,CARTE,petite
2023-05-02,CARTE XX XX TOUPTIPRI XX,-12.24,0.0,2023,5,2,<bound method Timestamp.day_name of Timestamp('2023-05-02 00:00:00')>,2,False,1,-12.24,391.2800000000002,COURSES,CARTE,petite
2023-05-02,VIREMENT XX XX XX XX XX XX XX,0.0,47.2,2023,5,2,<bound method Timestamp.day_name of Timestamp('2023-05-02 00:00:00')>,2,False,1,47.2,379.03999999999996,AUTRE,VIREMENT,(pas une depense)
2023-05-02,CARTE XX XX XX XX XX XX,-8.48,0.0,2023,5,2,<bound method Timestamp.day_name of Timestamp('2023-05-02 00:00:00')>,2,False,1,-8.48,426.24000000000024,AUTRE,CARTE,petite
2023-05-02,CARTE XX XX XX XX XX,-16.7,0.0,2023,5,2,<bound method Timestamp.day_name of Timestamp('2023-05-02 00:00:00')>,2,False,1,-16.7,417.7600000000002,AUTRE,CARTE,petite
2023-05-02,CARTE XX XX XX XX XX XX,-10.4,0.0,2023,5,2,<bound method Timestamp.day_name of Timestamp('2023-05-02 00:00:00')>,2,False,1,-10.4,401.05999999999995,AUTRE,CARTE,petite
2023-05-02,RETRAIT XX XX XX,-32.0,0.0,2023,5,2,<bound method Timestamp.day_name of Timestamp('2023-05-02 00:00:00')>,2,False,1,-32.0,390.65999999999985,AUTRE,RETRAIT,petite
2023-04-30,XX XX VIREMENT XX XX XX,-36.0,0.0,2023,4,30,<bound method Timestamp.day_name of Timestamp('2023-04-30 00:00:00')>,7,False,4,-36.0,358.65999999999985,AUTRE,VIREMENT,petite
2023-04-28,CARTE XX XX LES ANCIENS ROBINSON XX,-9.11,0.0,2023,4,28,<bound method Timestamp.day_name of Timestamp('2023-04-28 00:00:00')>,5,False,4,-9.11,322.65999999999985,COURSES,CARTE,petite
2023-04-28,DON XX XX XX XX XX XX XX,-1.4,0.0,2023,4,28,<bound method Timestamp.day_name of Timestamp('2023-04-28 00:00:00')>,5,False,4,-1.4,313.5500000000002,AUTRE,DON,petite
2023-04-26,CARTE XX XX XX XX XX XX,-10.0,0.0,2023,4,26,<bound method Timestamp.day_name of Timestamp('2023-04-26 00:00:00')>,3,False,4,-10.0,312.1500000000001,AUTRE,CARTE,petite
2023-04-26,CARTE XX XX LA LOUVE XX XX,-1.9,0.0,2023,4,26,<bound method Timestamp.day_name of Timestamp('2023-04-26 00:00:00')>,3,False,4,-1.9,302.1500000000001,COURSES,CARTE,petite
2023-04-25,CARTE XX XX LES ANCIENS ROBINSON XX,-32.67,0.0,2023,4,25,<bound method Timestamp.day_name of Timestamp('2023-04-25 00:00:00')>,2,False,4,-32.67,300.25,COURSES,CARTE,petite
2023-04-24,CARTE XX XX XX XX XX,-7.84,0.0,2023,4,24,<bound method Timestamp.day_name of Timestamp('2023-04-24 00:00:00')>,1,False,3,-7.84,267.5799999999999,AUTRE,CARTE,petite
2023-04-24,CARTE XX XX XX XX,-11.64,0.0,2023,4,24,<bound method Timestamp.day_name of Timestamp('2023-04-24 00:00:00')>,1,False,3,-11.64,259.7399999999998,AUTRE,CARTE,petite
2023-04-24,CARTE XX XX CHEZ LUC XX,-9.2,0.0,2023,4,24,<bound method Timestamp.day_name of Timestamp('2023-04-24 00:00:00')>,1,False,3,-9.2,248.0999999999999,RESTAURANT,CARTE,petite
2023-04-21,CARTE XX XX L'EPICERIE DEMBAS XX XX,-10.43,0.0,2023,4,21,<bound method Timestamp.day_name of Timestamp('2023-04-21 00:00:00')>,5,False,3,-10.43,238.89999999999964,AUTRE,CARTE,petite
2023-04-20,CARTE XX XX XX XX,-7.2,0.0,2023,4,20,<bound method Timestamp.day_name of Timestamp('2023-04-20 00:00:00')>,4,False,3,-7.2,228.4699999999998,AUTRE,CARTE,petite
2023-04-19,CARTE XX XX XX XX XX,-13.6,0.0,2023,4,19,<bound method Timestamp.day_name of Timestamp('2023-04-19 00:00:00')>,3,False,3,-13.6,221.26999999999953,AUTRE,CARTE,petite
2023-04-18,VIREMENT XX XX XX XX XX XX,0.0,1.6,2023,4,18,<bound method Timestamp.day_name of Timestamp('2023-04-18 00:00:00')>,2,False,3,1.6,207.66999999999962,AUTRE,VIREMENT,(pas une depense)
2023-04-18,CARTE XX XX XX XX XX,-10.32,0.0,2023,4,18,<bound method Timestamp.day_name of Timestamp('2023-04-18 00:00:00')>,2,False,3,-10.32,209.26999999999953,AUTRE,CARTE,petite
2023-04-18,CARTE XX XX XX XX XX,-8.72,0.0,2023,4,18,<bound method Timestamp.day_name of Timestamp('2023-04-18 00:00:00')>,2,False,3,-8.72,198.94999999999982,AUTRE,CARTE,petite
2023-04-18,RETRAIT XX XX XX,-24.0,0.0,2023,4,18,<bound method Timestamp.day_name of Timestamp('2023-04-18 00:00:00')>,2,False,3,-24.0,190.22999999999956,AUTRE,RETRAIT,petite
2023-04-18,CARTE XX XX XX XX,-74.58,0.0,2023,4,18,<bound method Timestamp.day_name of Timestamp('2023-04-18 00:00:00')>,2,False,3,-74.58,166.22999999999956,AUTRE,CARTE,petite
2023-04-18,CARTE XX XX VELOC XX XX,-1.7,0.0,2023,4,18,<bound method Timestamp.day_name of Timestamp('2023-04-18 00:00:00')>,2,False,3,-1.7,91.64999999999964,TRANSPORT,CARTE,petite
2023-04-15,VIREMENT PERMANENT LOYER,-345.0,0.0,2023,4,15,<bound method Timestamp.day_name of Timestamp('2023-04-15 00:00:00')>,6,False,2,-345.0,89.94999999999982,LOYER,VIREMENT,grosse
2023-04-14,CARTE XX XX XX XX XX,-1.6,0.0,2023,4,14,<bound method Timestamp.day_name of Timestamp('2023-04-14 00:00:00')>,5,False,2,-1.6,-255.05000000000018,AUTRE,CARTE,petite
2023-04-14,CARTE XX XX CHEZ LUC XX,-8.8,0.0,2023,4,14,<bound method Timestamp.day_name of Timestamp('2023-04-14 00:00:00')>,5,False,2,-8.8,-256.6500000000001,RESTAURANT,CARTE,petite
2023-04-14,CARTE XX XX XX XX XX,-0.8,0.0,2023,4,14,<bound method Timestamp.day_name of Timestamp('2023-04-14 00:00:00')>,5,False,2,-0.8,-265.4500000000003,AUTRE,CARTE,petite
2023-04-13,XX XX XX XX XX XX XX,-280.0,0.0,2023,4,13,<bound method Timestamp.day_name of Timestamp('2023-04-13 00:00:00')>,4,False,2,-280.0,-266.25,AUTRE,AUTRE,grosse
2023-04-12,CARTE XX XX XX XX XX,-28.96,0.0,2023,4,12,<bound method Timestamp.day_name of Timestamp('2023-04-12 00:00:00')>,3,False,2,-28.96,-546.25,AUTRE,CARTE,petite
2023-04-11,VIREMENT XX XX XX XX XX XX XX,0.0,836.0,2023,4,11,<bound method Timestamp.day_name of Timestamp('2023-04-11 00:00:00')>,2,False,2,836.0,-575.21,AUTRE,VIREMENT,(pas une depense)
2023-04-11,CARTE XX XX XX XX XX,-7.56,0.0,2023,4,11,<bound method Timestamp.day_name of Timestamp('2023-04-11 00:00:00')>,2,False,2,-7.56,260.78999999999996,AUTRE,CARTE,petite
2023-04-11,VIREMENT XX XX XX XX XX XX XX,0.0,869.44,2023,4,11,<bound method Timestamp.day_name of Timestamp('2023-04-11 00:00:00')>,2,False,2,869.44,253.23000000000002,AUTRE,VIREMENT,(pas une depense)
2023-04-11,CARTE XX XX XX XX,-48.0,0.0,2023,4,11,<bound method Timestamp.day_name of Timestamp('2023-04-11 00:00:00')>,2,False,2,-48.0,1122.67,AUTRE,CARTE,petite
2023-04-10,CARTE XX XX XX XX XX,-24.0,0.0,2023,4,10,<bound method Timestamp.day_name of Timestamp('2023-04-10 00:00:00')>,1,False,2,-24.0,1074.67,AUTRE,CARTE,petite
2023-04-10,VIREMENT XX XX XX XX XX XX,0.0,1.6,2023,4,10,<bound method Timestamp.day_name of Timestamp('2023-04-10 00:00:00')>,1,False,2,1.6,1050.67,AUTRE,VIREMENT,(pas une depense)
2023-04-10,CARTE XX XX XX XX,-84.4,0.0,2023,4,10,<bound method Timestamp.day_name of Timestamp('2023-04-10 00:00:00')>,1,False,2,-84.4,1052.27,AUTRE,CARTE,moyenne
2023-04-10,CARTE XX XX CHEZ LUC XX,-12.42,0.0,2023,4,10,<bound method Timestamp.day_name of Timestamp('2023-04-10 00:00:00')>,1,False,2,-12.42,967.8699999999999,RESTAURANT,CARTE,petite
2023-04-10,CARTE XX XX XX XX XX XX,-6.0,0.0,2023,4,10,<bound method Timestamp.day_name of Timestamp('2023-04-10 00:00:00')>,1,False,2,-6.0,955.45,AUTRE,CARTE,petite
2023-04-10,CARTE XX XX XX XX XX,-20.64,0.0,2023,4,10,<bound method Timestamp.day_name of Timestamp('2023-04-10 00:00:00')>,1,False,2,-20.64,949.45,AUTRE,CARTE,petite
2023-04-10,CARTE XX XX XX XX XX XX XX XX XX XX,-1.6,0.0,2023,4,10,<bound method Timestamp.day_name of Timestamp('2023-04-10 00:00:00')>,1,False,2,-1.6,928.81,AUTRE,CARTE,petite
2023-04-10,CARTE XX XX LES ANCIENS ROBINSON XX,-42.42,0.0,2023,4,10,<bound method Timestamp.day_name of Timestamp('2023-04-10 00:00:00')>,1,False,2,-42.42,927.21,COURSES,CARTE,petite
2023-04-10,CARTE XX XX VELOC XX XX,-2.7,0.0,2023,4,10,<bound method Timestamp.day_name of Timestamp('2023-04-10 00:00:00')>,1,False,2,-2.7,884.79,TRANSPORT,CARTE,petite
2023-04-07,VIREMENT XX XX XX XX XX XX XX XX XX XX,0.0,992.8,2023,4,7,<bound method Timestamp.day_name of Timestamp('2023-04-07 00:00:00')>,5,False,1,992.8,882.0900000000001,AUTRE,VIREMENT,(pas une depense)
2023-04-06,FORFAIT COMPTE SUPERBANK XX XX XX XX,-1.84,0.0,2023,4,6,<bound method Timestamp.day_name of Timestamp('2023-04-06 00:00:00')>,4,False,1,-1.84,1874.8899999999999,COTISATION BANCAIRE,AUTRE,petite
2023-04-05,CARTE XX XX XX XX XX,-15.2,0.0,2023,4,5,<bound method Timestamp.day_name of Timestamp('2023-04-05 00:00:00')>,3,False,1,-15.2,1873.05,AUTRE,CARTE,petite
2023-04-05,CARTE XX XX XX XX,-12.0,0.0,2023,4,5,<bound method Timestamp.day_name of Timestamp('2023-04-05 00:00:00')>,3,False,1,-12.0,1857.85,AUTRE,CARTE,petite
2023-04-05,PRELEVEMENT XX TELEPHONE XX XX,-7.02,0.0,2023,4,5,<bound method Timestamp.day_name of Timestamp('2023-04-05 00:00:00')>,3,False,1,-7.02,1845.85,FACTURE TELEPHONE,AUTRE,petite
2023-04-05,CARTE XX XX LES ANCIENS ROBINSON XX,-6.8,0.0,2023,4,5,<bound method Timestamp.day_name of Timestamp('2023-04-05 00:00:00')>,3,False,1,-6.8,1838.83,COURSES,CARTE,petite
2023-04-03,CARTE XX XX RAPT XX,-24.0,0.0,2023,4,3,<bound method Timestamp.day_name of Timestamp('2023-04-03 00:00:00')>,1,False,1,-24.0,1832.03,TRANSPORT,CARTE,petite
2023-04-03,CARTE XX XX RAPT XX,-73.0,0.0,2023,4,3,<bound method Timestamp.day_name of Timestamp('2023-04-03 00:00:00')>,1,False,1,-73.0,1808.03,TRANSPORT,CARTE,petite
2023-04-03,VIREMENT XX XX XX XX XX XX XX XX XX XX XX XX,0.0,676.0,2023,4,3,<bound method Timestamp.day_name of Timestamp('2023-04-03 00:00:00')>,1,False,1,676.0,1735.03,AUTRE,VIREMENT,(pas une depense)
2023-04-03,VIREMENT XX XX XX XX XX XX,0.0,4.8,2023,4,3,<bound method Timestamp.day_name of Timestamp('2023-04-03 00:00:00')>,1,False,1,4.8,2411.03,AUTRE,VIREMENT,(pas une depense)
2023-04-03,CARTE XX XX XX XX,-14.39,0.0,2023,4,3,<bound method Timestamp.day_name of Timestamp('2023-04-03 00:00:00')>,1,False,1,-14.39,2415.83,AUTRE,CARTE,petite
2023-03-31,DON XX XX XX XX XX XX XX,-1.44,0.0,2023,3,31,<bound method Timestamp.day_name of Timestamp('2023-03-31 00:00:00')>,5,False,4,-1.44,2401.44,AUTRE,DON,petite
